,sma_f,sma_s,rsi,sma_r,macd,macdSignal,macdHist,stoch_k,stoch_d,sma_test,macd_test,stoch_over_bought,stoch_over_sold,rsi_over_bought,rsi_over_sold
2016-11-03 00:00:00+00:00,,,,,,,,,,0,0,0,0,0,0
2016-11-04 00:00:00+00:00,,,,,,,,,,0,0,0,0,0,0
2016-11-05 00:00:00+00:00,,,,,,,,,,0,0,0,0,0,0
2016-11-06 00:00:00+00:00,,,,,,,,,,0,0,0,0,0,0
2016-11-07 00:00:00+00:00,,,,,,,,,,0,0,0,0,0,0
2016-11-08 00:00:00+00:00,,,,,,,,,,0,0,0,0,0,0
2016-11-09 00:00:00+00:00,,,,,,,,,,0,0,0,0,0,0
2016-11-10 00:00:00+00:00,,,,,,,,,,0,0,0,0,0,0
2016-11-11 00:00:00+00:00,,,,,,,,,,0,0,0,0,0,0
2016-11-12 00:00:00+00:00,,,,,,,,,,0,0,0,0,0,0
2016-11-13 00:00:00+00:00,,,,,,,,,,0,0,0,0,0,0
2016-11-14 00:00:00+00:00,,,,,,,,,,0,0,0,0,0,0
2016-11-15 00:00:00+00:00,,,,,,,,,,0,0,0,0,0,0
2016-11-16 00:00:00+00:00,,,,,,,,,,0,0,0,0,0,0
2016-11-17 00:00:00+00:00,,,70.162554310327,,,,,,,0,0,0,0,0,0
2016-11-18 00:00:00+00:00,,,73.19661672538146,,,,,,,0,0,0,0,0,0
2016-11-19 00:00:00+00:00,,,72.39756029500035,,,,,,,0,0,0,0,0,0
2016-11-20 00:00:00+00:00,,,61.679347815775934,,,,,,,0,0,0,0,0,0
2016-11-21 00:00:00+00:00,,,63.699201200508206,,,,,,,0,0,0,0,0,0
2016-11-22 00:00:00+00:00,,,66.45886008665491,,,,,59.10214498830849,58.88749552277472,0,0,0,0,0,0
2016-11-23 00:00:00+00:00,,,61.778443353173074,,,,,59.02978766571293,59.11597654204237,0,0,0,0,0,0
2016-11-24 00:00:00+00:00,,,60.938557670437085,,,,,59.933727151338324,59.35521993511991,0,0,0,0,0,0
2016-11-25 00:00:00+00:00,,,61.8063723464295,,,,,60.483274783034,59.81559653336175,0,0,0,0,0,0
2016-11-26 00:00:00+00:00,,,58.076150834553616,,,,,62.331638413584244,60.91621344931885,0,0,0,0,0,0
2016-11-27 00:00:00+00:00,,,56.02812633621469,,,,,62.07666377746772,61.63052565802865,0,0,0,0,0,0
2016-11-28 00:00:00+00:00,,,56.717310333797435,,,,,60.91010813815151,61.77280344306782,0,0,0,0,0,0
2016-11-29 00:00:00+00:00,,,56.650768259939134,,,,,59.055733932100544,60.68083528257325,0,0,0,0,0,0
2016-11-30 00:00:00+00:00,,,60.08799896501665,,,,,57.83064884189223,59.26549697071474,0,0,0,0,0,0
2016-12-01 00:00:00+00:00,,,66.33571548527114,63.067572267898676,,,,59.49168445581826,58.792689076603665,0,0,0,0,0,0
2016-12-02 00:00:00+00:00,,,72.27785794732392,63.20859251036514,,,,59.17266870894246,58.831667335550975,0,0,0,0,0,0
2016-12-03 00:00:00+00:00,,,65.40026729807502,62.68883588187805,,,,57.86937777677697,58.84457698051256,0,0,0,0,0,0
2016-12-04 00:00:00+00:00,,,67.58420143046064,62.367945290908736,,,,60.337013699873715,59.126353395197704,0,0,0,0,0,0
2016-12-05 00:00:00+00:00,,,57.94043560838419,62.11868447708262,,,,58.94587500460973,59.05075549375346,0,0,0,0,0,0
2016-12-06 00:00:00+00:00,,,59.57934068739517,61.84402710954175,13.860166355678189,14.012949969273198,-0.15278361359500892,55.84638623213924,58.37642497887421,0,0,0,0,0,0
2016-12-07 00:00:00+00:00,,,62.14903851241297,61.556705671258946,13.83962385822042,13.978284747062641,-0.13866088884222094,56.52602492089062,57.10609538587985,0,0,0,0,0,0
2016-12-08 00:00:00+00:00,,,62.931937826996666,61.63360530284719,13.859711053907631,13.95457000843164,-0.09485895452400861,58.62785783629458,57.00008966310813,0,0,0,0,0,0
2016-12-09 00:00:00+00:00,,,63.56424025945371,61.808650808781636,13.868566161253398,13.937369238995991,-0.06880307774259364,61.07424683980008,58.742709865661745,0,0,0,0,0,0
2016-12-10 00:00:00+00:00,,,65.10974049286881,62.02887535187759,14.081718411381758,13.966239073473144,0.11547933790861364,65.1326295115822,61.61157806255894,0,1,0,0,0,0
2016-12-11 00:00:00+00:00,,,60.86010204827071,62.21447209945873,13.53143412824727,13.87927808442797,-0.3478439561807001,67.9075437715035,64.70480670762858,0,0,0,0,0,0
2016-12-12 00:00:00+00:00,,,64.79524141963383,62.79894643835335,13.831565423133384,13.869735552169052,-0.03817012903566841,71.94035650523149,68.32684326277239,0,0,0,0,0,0
2016-12-13 00:00:00+00:00,,,63.25275419353654,63.234642695669294,13.709656151911645,13.83771967211757,-0.12806352020592549,73.8168029586391,71.22156774512469,0,0,0,0,0,0
2016-12-14 00:00:00+00:00,,,63.402871284948795,63.6847828973366,13.489816623496608,13.768139062393377,-0.2783224388967689,73.74981912871577,73.16899286419545,0,0,0,0,0,0
2016-12-15 00:00:00+00:00,,,63.404593573899746,63.90588920459548,13.164188923074676,13.647349034529636,-0.48316011145496063,71.67758101841942,73.08140103525808,0,0,0,0,0,0
2016-12-16 00:00:00+00:00,,,65.57213101838579,63.85498357346979,13.183094372452729,13.554498102114255,-0.3714037296615267,70.99741288484135,72.14160434399217,0,0,0,0,0,0
2016-12-17 00:00:00+00:00,,,69.84535342606519,63.69281660538588,13.989755633561458,13.641549608403697,0.34820602515776145,73.37794395735804,72.01764595353958,0,1,0,0,0,0
2016-12-18 00:00:00+00:00,,,66.22573253911288,63.747847621455065,14.077119247893734,13.728663536301704,0.34845571159202926,72.90479673454378,72.42671785891436,0,1,0,0,0,0
2016-12-19 00:00:00+00:00,,,67.67451793224822,63.753868721574236,14.294489651397498,13.841828759320864,0.4526608920766346,77.03729703841292,74.44001257677155,0,1,0,0,0,0
2016-12-20 00:00:00+00:00,,,70.74684666199586,64.60762945848168,15.005187895494146,14.07450058655552,0.9306873089386265,81.43562322813068,77.1259056670291,0,1,1,0,0,0
2016-12-21 00:00:00+00:00,,,77.72722624139446,65.81748849541496,17.544450868783656,14.768490643001147,2.7759602257825087,83.85138678991676,80.7747690188201,0,1,1,0,0,0
2016-12-22 00:00:00+00:00,749.8930065252002,,82.90406106406397,67.20115666552503,21.871515010149665,16.18909551643085,5.682419493718815,84.38067566762554,83.2225618952243,0,1,1,0,0,0
2016-12-23 00:00:00+00:00,754.4555677162002,,88.2681471418791,68.89023728651719,29.64762282438062,18.880800978020805,10.766821846359814,85.27109033743126,84.50105093165782,0,1,1,0,0,0
2016-12-24 00:00:00+00:00,758.1534810624001,,76.94878140939973,69.78254002984691,33.3842397896683,21.781488740350305,11.602751049317995,84.09521035578835,84.58232545361501,0,1,0,0,0,0
2016-12-25 00:00:00+00:00,761.8999701312001,,77.28910637928303,70.59449775560786,36.15029846811683,24.65525068590361,11.49504778221322,85.20743744268414,84.85791271196787,0,1,1,0,0,0
2016-12-26 00:00:00+00:00,765.7288831110001,,78.2311384890442,71.75256685165942,38.50141141472909,27.424482831668705,11.076928583060386,84.2157795288117,84.50614244242803,0,1,0,0,0,0
2016-12-27 00:00:00+00:00,770.298559517,,81.55263748938046,72.86972658964254,42.30677076247673,30.40094041783031,11.905830344646422,85.93384526769562,85.11902074639711,0,1,1,0,0,0
2016-12-28 00:00:00+00:00,775.645599159,,85.2902490352421,74.3388929124229,48.520490902592655,34.02485051478278,14.495640387809878,87.79316515313948,85.98092998321556,0,1,1,0,0,0
2016-12-29 00:00:00+00:00,780.660292391,,82.85629170933854,75.63578760738224,52.33577358840887,37.687035129508,14.648738458900873,89.31645314954858,87.68115452346119,0,1,1,0,1,0
2016-12-30 00:00:00+00:00,785.501192554,,77.07994750423605,76.54747786940466,53.50912585611786,40.85145327482997,12.65767258128789,89.01010673254441,88.70657501174412,0,1,0,0,0,0
2016-12-31 00:00:00+00:00,790.4505371124001,,77.8657913175211,77.36705522268035,54.395275053256,43.560217630515176,10.835057422740825,87.47391422466809,88.600158035587,0,1,0,0,0,0
2017-01-01 00:00:00+00:00,796.336971315,,81.07439411320283,78.11565793515618,57.11737390431006,46.27164888527415,10.845725019035903,88.551377397485,88.34513278489914,0,1,1,0,0,0
2017-01-02 00:00:00+00:00,802.7148698526001,,82.67447578930556,79.21224081850235,60.165515768875935,49.05042226199451,11.115093506881422,88.16569092842359,88.06366085019219,0,1,0,0,0,0
2017-01-03 00:00:00+00:00,809.3098698524002,,84.01601044988062,80.30167365301119,63.31188878346313,51.90271556628824,11.409173217174896,88.34916459516343,88.35541097369064,0,1,1,0,0,0
2017-01-04 00:00:00+00:00,817.8238698524001,,89.01923923450569,81.51983315784517,72.94495153035098,56.111162759100786,16.83378877125019,88.07261991165981,88.19582514508222,0,1,0,0,0,0
2017-01-05 00:00:00+00:00,822.9313387874001,,60.65486000029669,80.38167540843865,68.71621206958969,58.63217262119856,10.084039448391124,84.64182428937544,87.02120293206617,0,1,0,0,0,0
2017-01-06 00:00:00+00:00,826.0613387874001,,48.249578691651855,78.07137658361118,56.41943657104912,58.18962541116868,-1.770188840119559,78.19968419099462,83.63804279734325,0,0,0,0,0,0
2017-01-07 00:00:00+00:00,829.1611483704002,,49.46130704294322,75.48425391034878,47.03494200642558,55.95868873022006,-8.92374672379448,74.36185950698857,79.06778932911949,0,0,0,0,0,0
2017-01-08 00:00:00+00:00,832.4647483538001,,50.45596352176794,73.71806605117332,39.85713804774423,52.738378593724896,-12.881240545980667,70.63864007622149,74.40006125806818,0,0,0,0,0,0
2017-01-09 00:00:00+00:00,835.8807483602001,,48.908517275687075,71.82602677760025,32.718321433532424,48.7343671616864,-16.016045728153976,66.49633015655127,70.49894324658706,0,0,0,0,0,0
2017-01-10 00:00:00+00:00,839.2666882372001,,49.547499772484834,69.91378419649631,27.159210710220805,44.41933587139328,-17.260125161172475,62.888911398882065,66.67462721055156,0,0,0,0,0,0
2017-01-11 00:00:00+00:00,839.9394443956002,,37.17021903779141,66.9549562997237,12.435941583521185,38.02265701381886,-25.586715430297673,57.12644708260922,62.17056287934747,0,0,0,0,0,0
2017-01-12 00:00:00+00:00,841.2270078594001,,39.97294357105544,63.93380260211125,2.504603151451306,30.91904624134535,-28.414443089894043,52.52764097926773,57.5143331535863,0,0,0,0,0,0
2017-01-13 00:00:00+00:00,842.9928551492002,,42.774907448507975,61.26171031805588,-3.5256085187054396,24.030115289335193,-27.555723808040632,50.2736249709247,53.309237677600514,0,0,0,0,0,0
2017-01-14 00:00:00+00:00,844.5382878048002,,41.96874918371947,58.92096376335477,-8.889850421207711,17.44612214722661,-26.33597256843432,47.35225788462668,50.051174611606335,0,0,0,0,0,0
2017-01-15 00:00:00+00:00,846.2423127028003,,42.13743555525821,56.53907337920391,-12.89363712133104,11.37817029351508,-24.27180741484612,43.73320082954951,47.119694561700264,0,0,0,0,0,0
2017-01-16 00:00:00+00:00,848.2277346198002,,43.62213581832853,54.04225615954562,-15.06201789332124,6.090132656147816,-21.152150549469056,44.1399477448774,45.075135486351165,0,0,0,0,0,0
2017-01-17 00:00:00+00:00,851.6555339934001,,52.93004835513323,52.05929433060079,-10.710042596124708,2.730097605693311,-13.44014020181802,44.127197618245745,44.00011539755752,0,0,0,0,0,0
2017-01-18 00:00:00+00:00,854.7555339998003,,50.90378962162399,49.85181294205036,-8.494562779163061,0.4851655287220362,-8.979728307885097,42.87658174609259,43.71457570307189,0,0,0,0,0,0
2017-01-19 00:00:00+00:00,857.9861852300003,,52.56684737931473,47.42165348503762,-5.542590124174126,-0.7203856018571964,-4.822204522316929,46.22329169809863,44.409023687478964,0,0,0,0,0,0
2017-01-20 00:00:00+00:00,860.7861852300002,,51.861411752713025,46.83542360186538,-3.5840270742064604,-1.2931138963270492,-2.2909131778794114,51.45888684889592,46.85292009769569,0,0,0,0,0,0
2017-01-21 00:00:00+00:00,863.7857946002001,,55.624909584691615,47.327112328068026,0.4407847391208861,-0.946334169237462,1.3871189083583482,56.54179302092233,51.40799052263893,0,1,0,0,0,0
2017-01-22 00:00:00+00:00,866.9805998438002,,55.3659205923753,47.7207532313635,3.4530129735043147,-0.0664647406891068,3.5194777141934215,60.42935661658093,56.14334549546637,0,1,0,0,0,0
2017-01-23 00:00:00+00:00,869.7890728574001,,53.51339338022627,47.92458188859406,4.8340867984655915,0.9136455671418329,3.9204412313237587,62.411701947515375,59.79428386167285,0,1,0,0,0,0
2017-01-24 00:00:00+00:00,872.4222728568003,,49.39944522042799,47.95731041824346,3.689507757526826,1.4688180052188315,2.2206897523079947,59.62725618481286,60.82277158296969,0,1,0,0,0,0
2017-01-25 00:00:00+00:00,875.1114238402002,,50.55257831243417,48.02431565424009,3.362386287759591,1.8475316617269835,1.5148546260326077,59.787932960254196,60.60896369752745,0,1,0,0,0,0
2017-01-26 00:00:00+00:00,878.0715894450003,,53.72647173114926,49.12806583379727,4.7772842838364795,2.4334821861488827,2.343802097687597,61.80642972373138,60.40720628959945,0,1,0,0,0,0
2017-01-27 00:00:00+00:00,881.0499240732004,,54.21955836424676,50.07784015334336,6.097747909095233,3.1663353307381525,2.9314125783570804,64.36976273272488,61.98804180557013,0,1,0,0,0,0
2017-01-28 00:00:00+00:00,884.0133697014004,,54.39966093316508,50.852823718987175,7.154485554080338,3.9639653754065898,3.1905201786737485,67.62156000712034,64.59925082119217,0,1,0,0,0,0
2017-01-29 00:00:00+00:00,886.8137658596004,,53.68984585586305,51.634230163796744,7.614802369107565,4.694132774146785,2.9206695949607804,70.24066956909876,67.41066410298129,0,1,0,0,0,0
2017-01-30 00:00:00+00:00,889.8137658596004,,54.22792914564067,52.440263069822244,8.12800326556362,5.380906872430152,2.747096393133469,69.12475413110018,68.99566123577306,0,1,0,0,0,0
2017-01-31 00:00:00+00:00,893.5742011370004,,62.010830223984705,53.66617603019933,12.35600218494585,6.775925934933292,5.580076250012559,69.10851886755628,69.4913141892517,0,1,0,0,0,0
2017-02-01 00:00:00+00:00,897.7022011368003,,64.13377919263043,54.41309141936581,16.79436773152804,8.77961429425224,8.0147534372758,70.50155510786541,69.57827603550724,0,1,0,0,0,0
2017-02-02 00:00:00+00:00,902.3221410764003,,67.23778987687399,55.50202476971581,22.074393286582108,11.438570092718214,10.635823193863894,71.14235770885992,70.25081056142717,0,1,0,0,0,0
2017-02-03 00:00:00+00:00,907.0829185800003,,68.07647249430588,56.53599977738189,26.52169202747541,14.455194479669654,12.066497547805756,71.8990584224872,71.1809904130708,0,1,0,0,0,0
2017-02-04 00:00:00+00:00,912.0955185800002,,70.16662637707655,57.756347419006126,31.13226771589632,17.790609126914987,13.341658588981332,71.68986076073155,71.57709229735951,0,1,0,0,0,0
2017-02-05 00:00:00+00:00,916.4129246646002,,64.35131352761655,58.33810768186778,32.55898920721313,20.744285142974615,11.814704064238516,70.36483349379073,71.3179175590031,0,1,0,0,0,0
2017-02-06 00:00:00+00:00,921.0509080360002,,65.83926812151772,59.03633085047728,34.19919564357565,23.43526724309482,10.763928400480829,71.88453600442111,71.31307675298108,0,1,0,0,0,0
2017-02-07 00:00:00+00:00,926.2273339074002,,69.59741711441559,60.10859909942324,37.551503284901514,26.258514451456158,11.292988833445357,78.36198266908376,73.5371173890985,0,1,0,0,0,0
2017-02-08 00:00:00+00:00,931.2072339342002,,69.3280706359073,61.43717412712185,39.66944797750841,28.94070115666661,10.728746820841803,82.33454720280436,77.5270219587697,0,1,1,0,0,0
2017-02-09 00:00:00+00:00,934.3674339344002,,54.84579212951939,61.7233883815942,35.77211749145965,30.306984423625217,5.4651330678344365,81.8490750388773,80.8485349702551,0,1,0,0,0,0
2017-02-10 00:00:00+00:00,937.0572560030002,843.4751312640998,56.12468147149631,61.88326903095067,32.97239253866974,30.84006604663412,2.1323264920356166,80.11363285911192,81.43241836693115,1,1,0,0,0,0
2017-02-11 00:00:00+00:00,938.6891436766002,846.5723556963998,56.94963537359199,62.06527416490702,30.818646609291022,30.8357821591655,-0.017135549874478073,78.24091574267119,80.06787454688676,1,0,0,0,0,0
2017-02-12 00:00:00+00:00,940.7469503478002,849.4502157050997,56.077671850547816,62.1771415593992,28.460940845256005,30.3608138963836,-1.8998730511275959,76.79254569664567,78.38236476614289,1,0,0,0,0,0
2017-02-13 00:00:00+00:00,942.7220613834002,852.3110157572996,55.75818318719236,62.31503071482116,26.1785110774764,29.52435333260216,-3.34584225512576,75.21430473239971,76.74925539057215,1,0,0,0,0,0
2017-02-14 00:00:00+00:00,944.8875613082001,855.3082222095996,58.84460743154105,62.622809267214514,25.447280068902842,28.708938679862296,-3.2616586109594543,75.12358744129635,75.71014595678054,1,0,0,0,0,0
2017-02-15 00:00:00+00:00,946.5055428700002,858.4020511934997,59.33655312233771,62.444524127104714,24.802628674505854,27.92767667879101,-3.125048004285155,74.71612194302236,75.01800470557276,1,0,0,0,0,0
2017-02-16 00:00:00+00:00,947.6855280674001,861.6655636131997,63.56470450063617,62.406585814305096,25.98235651861637,27.538612646756082,-1.5562561281397116,74.29263955228895,74.71078297886918,1,0,0,0,0,0
2017-02-17 00:00:00+00:00,949.2908536514001,864.9755730211997,65.88760295098375,62.31657335257908,27.80698734510065,27.592287586424995,0.21469975867565694,74.0612968572128,74.35668611750798,1,1,0,0,0,0
2017-02-18 00:00:00+00:00,951.2676780064,868.3844352801997,66.39355360036323,62.204378759649565,29.182003895022945,27.910230848144586,1.2717730468783586,73.39400228612065,73.91597956520741,1,1,0,0,0,0
2017-02-19 00:00:00+00:00,953.1076567773999,871.7790969448998,66.45650321579855,61.95703721556436,29.957561490602757,28.31969697663622,1.6378645139665373,74.67855158199242,74.0446169084419,1,1,0,0,0,0
2017-02-20 00:00:00+00:00,955.0145695278001,875.6757704213998,71.82988950196852,62.45560894718783,33.138480099440585,29.283453601197092,3.855026498243493,76.5260387222133,74.86619753010872,1,1,0,0,0,0
2017-02-21 00:00:00+00:00,957.1849942235999,879.9499320380997,75.60856808165511,63.10689561119698,37.87040467674149,31.00084381630597,6.8695608604355165,76.44374160324375,75.88277730248309,1,1,0,0,0,0
2017-02-22 00:00:00+00:00,958.9629942237999,884.1364320380998,75.10554761705674,63.47410431137306,41.024829305376215,33.00564091412002,8.019188391256193,77.35011226335986,76.77329752960556,1,1,0,0,0,0
2017-02-23 00:00:00+00:00,960.0029942237999,888.9134320380997,80.73196528132593,64.23436395440098,47.97459413629667,35.99943155855535,11.975162577741322,80.64224752102218,78.14536712920852,1,1,1,0,0,0
2017-02-24 00:00:00+00:00,963.7892040211998,893.3602714042997,80.74031927093088,65.9606657638284,52.881661567402034,39.37587756032469,13.505784007077345,82.50327368621093,80.16521115686425,1,1,1,0,0,0
2017-02-25 00:00:00+00:00,968.9292040211999,897.4952714042997,70.30842892129046,66.90624892714801,53.322753250947244,42.1652526984492,11.157500552498043,81.95151034205162,81.69901051642817,1,1,0,0,0,0
2017-02-26 00:00:00+00:00,974.3653944381999,901.7632714042998,73.08198368587323,67.98173881463343,55.13474527365679,44.75915121349072,10.375594060166073,82.39228927635385,82.28235776820539,1,1,1,0,0,0
2017-02-27 00:00:00+00:00,979.8873944381999,906.1760713959998,74.38995774004768,69.20255787393343,56.979072410837716,47.20313545296012,9.775936957877597,83.69078215188301,82.67819392342942,1,1,1,0,0,0
2017-02-28 00:00:00+00:00,985.5713944315999,910.7260713958998,72.88742894420712,70.34450759106774,57.359909086283324,49.23449017962476,8.125418906658567,81.8018002428446,82.62829055702707,1,1,0,0,0,0
2017-03-01 00:00:00+00:00,992.0933944315999,915.6800413343997,77.34202889791423,71.5776690221593,60.75389897062064,51.53837193782393,9.215527032796707,82.45799502107923,82.65019247193554,1,1,1,0,0,0
2017-03-02 00:00:00+00:00,1001.6257624113999,920.7826034034997,79.25038066395867,72.90525752493403,64.6694876381714,54.16459507789342,10.50489256027798,81.99186459771383,82.08388662054581,1,1,0,0,0,0
2017-03-03 00:00:00+00:00,1011.3108568296,926.2689323444996,81.29992930909434,74.08760584549789,69.35515411482015,57.20270688527877,12.15244722954138,82.32513462977538,82.25833141618939,1,1,1,0,0,0
2017-03-04 00:00:00+00:00,1020.150856826,931.5718559875997,75.8473763355072,74.75159073779946,70.64443519544466,59.89105254731195,10.753382648132707,81.75204358688988,82.02301427145962,1,1,0,0,0,0
2017-03-05 00:00:00+00:00,1029.3213742065998,936.9298310056997,76.52745490165799,75.42718415788578,71.48789890401986,62.21042181865353,9.277477085366328,81.78993196278475,81.95570339314993,1,1,1,0,0,0
2017-03-06 00:00:00+00:00,1038.4336750003997,942.3379938515995,76.04149685273289,76.0661837336814,71.19951056351306,64.00823956762544,7.191270995887621,80.03038474909758,81.19078676625733,1,1,0,0,0,0
2017-03-07 00:00:00+00:00,1046.4788750001999,947.3533048099995,64.7394814705631,75.59348986492105,66.72748547971423,64.5520887500432,2.1753967296710357,76.85319347250922,79.55783672813045,1,1,0,0,0,0
2017-03-08 00:00:00+00:00,1051.3448750264,951.5002045098995,49.158431685212975,73.83014743849158,55.66196743708315,62.774064487451184,-7.112097050368035,70.7912850112983,75.89162107763497,1,0,0,0,0,0
2017-03-09 00:00:00+00:00,1057.4791709954,956.1173524975995,55.50434729401922,72.52340075028907,50.10056865385832,60.23936532073261,-10.138796666874292,66.69258432103265,71.44568760161333,1,0,0,0,0,0
2017-03-10 00:00:00+00:00,1061.6745229882,959.8303541090994,44.849646531598815,70.13124616697392,38.55811479185763,55.903115214957616,-17.345000423099982,63.12673260147419,66.87020064460165,1,0,0,0,0,0
2017-03-11 00:00:00+00:00,1067.2747229784,964.0304541041994,52.541958116936925,68.25135542337433,34.26145586041139,51.57478334404837,-17.313327483636982,63.03897223708161,64.28609638652942,1,0,0,0,0,0
2017-03-12 00:00:00+00:00,1073.2486029788001,968.5171987894994,57.403017774407,67.39099468024877,34.44462675537034,48.14875202631276,-13.704125270942427,63.08409511800632,63.0832666521873,1,0,0,0,0,0
2017-03-13 00:00:00+00:00,1079.5086029788001,973.2446014112994,58.56892380381624,66.42345735477831,35.20073356190096,45.5591483334304,-10.35841477152944,62.57329343258994,62.898786929225885,1,0,0,0,0,0
2017-03-14 00:00:00+00:00,1086.1841699788001,977.9866214180994,59.423240172736314,65.42567618362422,36.10992569166842,43.669303805078,-7.559378113409579,62.554753319503746,62.7373806233666,1,0,0,0,0,0
2017-03-15 00:00:00+00:00,1093.6161293726,983.0192011146994,60.45724899244802,64.59699752017362,37.25616867229337,42.38667677852108,-5.130508106227708,62.108311652285586,62.412119468126356,1,0,0,0,0,0
2017-03-16 00:00:00+00:00,1099.0827739202,987.0970988801994,48.969112544882925,62.70546976330486,30.50246209594775,40.009833842006415,-9.507371746058666,58.250156152361306,60.97107370805015,1,0,0,0,0,0
2017-03-17 00:00:00+00:00,1102.2008205064,990.1362049756993,40.242864710487574,60.10496869974011,17.205370480908186,35.44894116978677,-18.243570688878584,52.110143385289724,57.48953706331215,1,0,0,0,0,0
2017-03-18 00:00:00+00:00,1103.1720850122,992.1110045426993,33.31641927848024,56.90606803103251,-1.7049476613694878,28.01816340355552,-29.723111064925007,47.28217964938866,52.54749306234651,1,0,0,0,0,0
2017-03-19 00:00:00+00:00,1105.102364935,994.5578673181994,38.682290969175554,54.42839567327707,-12.584485287012967,19.897633665441823,-32.48211895245479,43.07049154724446,47.487604860640886,1,0,0,0,0,0
2017-03-20 00:00:00+00:00,1107.5399689362,997.1768673978995,40.952087815451506,52.05670453419664,-19.22749071215253,12.072608789922953,-31.300099502075483,39.91585427128306,43.42284182263867,1,0,0,0,0,0
2017-03-21 00:00:00+00:00,1111.5395688892,1000.6766673743996,48.58420869436059,50.22621865697182,-17.743492411710122,6.109388549596337,-23.85288096130646,41.85601722062951,41.61412101305228,1,0,0,0,0,0
2017-03-22 00:00:00+00:00,1112.9511336124,1003.2626673746995,42.70057519332691,48.75695823848941,-22.782713016301386,0.3309682364167923,-23.11368125271818,45.605444018505416,42.45910517013926,1,0,0,0,0,0
2017-03-23 00:00:00+00:00,1113.9911336098,1005.8466673732994,42.51409849611652,48.314002692549636,-26.68657289538214,-5.072539989942995,-21.614032905439146,46.04044957587871,44.50063693833781,1,0,0,0,0,0
2017-03-24 00:00:00+00:00,1112.681393678,1007.5017673771995,36.61523500336131,47.05472853983911,-36.81915170052662,-11.421862332059721,-25.397289368466897,44.34638431349795,45.33075930262729,1,0,0,0,0,0
2017-03-25 00:00:00+00:00,1111.8195472256,1009.4512329027996,39.493162194505445,46.69762958403289,-41.98963400791308,-17.535416667230393,-24.45421734068269,43.449483693748824,44.61210586104176,1,0,0,0,0,0
2017-03-26 00:00:00+00:00,1110.4214953826,1011.2585069812994,38.91767787098276,45.789344234302604,-46.27231196899447,-23.28279572758321,-22.989516241411263,41.367956209385916,43.05460807221083,1,0,0,0,0,0
2017-03-27 00:00:00+00:00,1111.0264953826,1013.7197100235994,46.23379267679327,45.04472922779503,-42.941755305807646,-27.214587643228096,-15.72716766257955,43.160501453973566,42.6593137857027,1,0,0,0,0,0
2017-03-28 00:00:00+00:00,1111.4494245346,1016.2501662852995,46.421462633759624,44.23489848312458,-39.67574128221918,-29.706818371026312,-9.968922911192866,44.53478084907287,43.02107950414405,1,0,0,0,0,0
2017-03-29 00:00:00+00:00,1111.2094245342,1018.7183792207995,46.22697493715805,43.355147467419364,-36.85193500604896,-31.13584169803084,-5.71609330801812,43.965227038136284,43.88683644706084,1,0,0,0,0,0
2017-03-30 00:00:00+00:00,1111.0016063264002,1021.1044201302996,46.2888479817562,42.410587400039915,-34.17179547758451,-31.743032453941574,-2.4287630236429365,47.31461947941214,45.27154245554036,1,0,0,0,0,0
2017-03-31 00:00:00+00:00,1112.8879912656002,1023.6277125999995,50.46123469891906,42.51006221030899,-28.434217247162678,-31.081269412585794,2.6470521654231156,53.149298641464,48.14304838633742,1,1,0,0,0,0
2017-04-01 00:00:00+00:00,1114.8996669384,1025.9784614706996,51.89961968320236,43.287179208489974,-22.45379330244873,-29.35577419055838,6.901980888109652,58.816174002205116,53.09336404102703,1,1,0,0,0,0
2017-04-02 00:00:00+00:00,1117.0223166102,1027.8557301433996,52.986107373972324,44.598491748189446,-16.654236414795832,-26.815466635405873,10.16123022061004,62.432750972533874,58.13274120540095,1,1,0,0,0,0
2017-04-03 00:00:00+00:00,1120.0923166100001,1030.4196334788996,57.18474863460289,45.8319889258846,-8.461115210226808,-23.14459635037006,14.68348114014325,66.80648690531363,62.68513729335083,1,1,0,0,0,0
2017-04-04 00:00:00+00:00,1123.0682802392,1032.8951708112995,56.42249078685371,46.86334912397808,-2.4315372237385873,-19.001984525043763,16.570447301305176,67.33193889976113,65.52372559253617,1,1,0,0,0,0
2017-04-05 00:00:00+00:00,1125.6262801332002,1035.2569207206998,55.90761190024409,47.35157600437032,2.00843717039038,-14.799900185956934,16.808337356347316,68.75220021053481,67.63020867186981,1,1,0,0,0,0
2017-04-06 00:00:00+00:00,1129.2093980188001,1037.8574704443997,61.17827611313428,48.58342273235748,9.771199011256158,-9.885680346514315,19.65687935777047,71.45729922413314,69.18047944480963,1,1,0,0,0,0
2017-04-07 00:00:00+00:00,1132.3712128208,1040.0283704440997,61.50850090011395,49.84971622595731,16.028818710951555,-4.702780535021141,20.731599245972696,76.79632864736774,72.33527602734517,1,1,0,0,0,0
2017-04-08 00:00:00+00:00,1135.0750443246002,1042.1829489879997,60.29567222931925,51.42841204102117,20.11857145776753,0.2614898635365934,19.857081594230937,79.37834885825167,75.87732557658414,1,1,0,0,0,0
2017-04-09 00:00:00+00:00,1138.2501513490001,1044.7589146776997,62.968239843165485,52.99341721759851,25.235604875155786,5.256312865860433,19.979292009295353,83.53442335924692,79.90303362162207,1,1,1,0,0,0
2017-04-10 00:00:00+00:00,1141.4766989010004,1047.2921778391997,63.261646914215675,54.61634848714737,29.193091169518084,10.043668526591963,19.14942264292612,83.50726556140187,82.14001259296678,1,1,0,0,0,0
2017-04-11 00:00:00+00:00,1144.3024933342003,1049.6585314309998,64.93055732311109,55.86279946356856,33.277240282998264,14.690382877873223,18.58685740512504,83.47676031510127,83.50614974524997,1,1,0,0,0,0
2017-04-12 00:00:00+00:00,1146.2920686318002,1051.7385314276996,63.242960356126055,56.98423264505966,35.37989579534906,18.828285461368388,16.55161033398067,82.6695455685173,83.2178571483401,1,1,0,0,0,0
2017-04-13 00:00:00+00:00,1147.4920686326004,1053.2275314281997,56.09079853884379,57.641820885172045,33.35343047282777,21.733314463660264,11.620116009167504,79.1663831960827,81.77089635990038,1,1,0,0,0,0
2017-04-14 00:00:00+00:00,1147.8821722146004,1053.9425832191998,58.727322202752475,58.47105249990513,33.101160752301666,24.006883721388544,9.094277030913123,76.6351615834089,79.49036344933626,1,1,0,0,0,0
2017-04-15 00:00:00+00:00,1148.0109543876006,1055.9000792043996,56.525320412816306,58.87532488083161,31.492798722689486,25.504066721648734,5.988732001040752,73.11591519584012,76.3058199917772,1,1,0,0,0,0
2017-04-16 00:00:00+00:00,1149.2009543876004,1059.0650792043996,58.828742720845504,59.337266416674495,31.30573458709364,26.664400294737714,4.641334292355925,72.42039042272907,74.05715573399266,1,1,0,0,0,0
2017-04-17 00:00:00+00:00,1150.4009543874006,1062.3831744127997,62.027374144708226,59.94001753472355,32.91637397194495,27.91479503017916,5.001578941765789,72.85209476658348,72.79613346171753,1,1,0,0,0,0
2017-04-18 00:00:00+00:00,1151.9179163936005,1065.9026554158997,65.21736268974311,60.47552513839957,36.12038292894317,29.555912609931962,6.56447031901121,73.1116960343382,72.79472707455022,1,1,0,0,0,0
2017-04-19 00:00:00+00:00,1153.4357163936006,1069.5035554125998,64.18622407126126,60.99310735736007,37.80754567190252,31.206239222326072,6.601306449576445,72.93058728891229,72.9647926966113,1,1,0,0,0,0
2017-04-20 00:00:00+00:00,1154.8887163982006,1073.4910554148998,68.7066384995525,61.84637579731396,42.18936783163508,33.402864944187876,8.786502887447206,73.10670731563859,73.04966354629632,1,1,0,0,0,0
2017-04-21 00:00:00+00:00,1156.2801163982006,1078.9529394047997,70.65288900101193,62.4780166565058,46.84476274946974,36.09124450524425,10.75351824422549,74.06657226256418,73.36795562237165,1,1,0,0,0,0
2017-04-22 00:00:00+00:00,1157.4411163980005,1084.3759866137998,72.22149784262272,63.19221645267305,51.394205915870316,39.15183678736946,12.242369128500854,75.90898040066091,74.36075332628785,1,1,0,0,0,0
2017-04-23 00:00:00+00:00,1159.1249877768005,1089.6379223013998,72.76100051115603,64.02323833812883,54.86696936993508,42.294863303882586,12.572106066052491,75.6300690886809,75.20187391730195,1,1,0,0,0,0
2017-04-24 00:00:00+00:00,1160.5529099868006,1094.9371420966997,71.60168844634536,64.59880157834083,56.58005894653911,45.15190243241389,11.42815651412522,75.06655453303024,75.53520134079064,1,1,0,0,0,0
2017-04-25 00:00:00+00:00,1162.4925842952007,1100.4631296477999,73.83938696907555,65.30398424866482,59.184067789217124,47.958335503774535,11.22573228544259,75.2894822833223,75.32870196834443,1,1,0,0,0,0
2017-04-26 00:00:00+00:00,1165.8399507810007,1106.1594128905997,76.15316458223188,66.05215806593954,62.729820610925344,50.9126325252047,11.817188085720645,76.30367423806892,75.55323701814045,1,1,0,0,0,0
2017-04-27 00:00:00+00:00,1171.7075710556005,1111.5262230409999,79.1190352972082,67.11056306201166,68.04388914325045,54.33888384881385,13.705005294436603,80.79752668197645,77.46356106778919,1,1,1,0,0,0
2017-04-28 00:00:00+00:00,1176.1152750798005,1116.7972230375997,72.87251576459765,68.22934421039525,69.35136748460741,57.341380575972565,12.009986908634843,81.9270369685554,79.67607929620021,1,1,1,0,0,0
2017-04-29 00:00:00+00:00,1182.4078654106006,1122.0411941993998,73.83876025274589,69.23677341372814,70.4891952270998,59.97094350619801,10.518251720901787,84.59232088758232,82.43896151270468,1,1,1,0,0,0
2017-04-30 00:00:00+00:00,1187.6094608986004,1127.4420919384997,74.73358265901028,70.45065756347441,71.41179652236201,62.25911410943081,9.152682412931199,85.84558642174053,84.12164809262605,1,1,1,0,0,0
2017-05-01 00:00:00+00:00,1193.7214608984004,1133.4850319385998,81.06279570755316,71.93292776258825,78.8920087740646,65.58569304235758,13.30631573170703,84.15179123354083,84.86323284762119,1,1,0,0,0,0
2017-05-02 00:00:00+00:00,1200.2196008984006,1139.8641019386,82.6374233572229,73.30693104342257,86.39880744757443,69.74831592340095,16.650491524173475,83.49538538103465,84.49758767877196,1,1,0,0,0,0
2017-05-03 00:00:00+00:00,1207.6120008988005,1146.8980854387999,84.9118690610198,74.61989813484101,95.5803983478163,74.91473240828402,20.665665939532275,85.08767298328199,84.24494986595245,1,1,1,0,0,0
2017-05-04 00:00:00+00:00,1214.5580129360005,1154.0870711543,82.37588055606095,75.83254190049433,100.74967444176286,80.08172081497979,20.667953626783074,83.90342935055466,84.16216257162372,1,1,0,0,1,0
2017-05-05 00:00:00+00:00,1222.1334096010005,1160.6080917606,70.87628462570392,75.97718497557109,98.93471020731363,83.85231869344656,15.082391513867066,80.20700476891359,83.0660357009167,1,1,0,0,0,0
2017-05-06 00:00:00+00:00,1232.6975259350004,1167.4491732207,74.35984282813385,76.22431523071255,100.64796813123712,87.21144858100467,13.436519550232447,77.45517703897808,80.52187038614873,1,1,0,0,0,0
2017-05-07 00:00:00+00:00,1245.7805259292006,1174.4763054707,75.64803485113258,76.45275103127986,102.59381197441098,90.28792125968593,12.305890714725052,76.10845720495118,77.92354633761424,1,1,0,0,0,0
2017-05-08 00:00:00+00:00,1259.5920130130005,1182.3471889740001,79.88887056101684,76.92794236793725,109.77162885844291,94.18466277943733,15.586966079005578,76.926451481708,76.83002857521238,1,1,0,0,0,0
2017-05-09 00:00:00+00:00,1274.0246918074006,1190.7823303718,81.97717832493309,77.61964169317642,118.35943946868497,99.01961811728685,19.339821351398115,76.59058801693695,76.541832234532,1,1,0,0,0,0
2017-05-10 00:00:00+00:00,1287.6650918538005,1199.6023303715,83.43183322122152,78.25913810998615,127.04838489678127,104.62537147318574,22.423013423595535,77.0086918264295,76.84191044169144,1,1,0,0,0,0
2017-05-11 00:00:00+00:00,1304.0619685040006,1208.5065510581999,85.21444251054066,78.86322330520673,136.9985095804832,111.09999909464523,25.89851048583796,76.62901200156627,76.74276394831087,1,1,0,0,0,0
2017-05-12 00:00:00+00:00,1318.0760932178007,1216.0336134138001,68.42725160896526,78.15043772599053,133.51371623397654,115.5827425225115,17.930973711465043,74.68517550860648,76.10762644553404,1,1,0,0,0,0
2017-05-13 00:00:00+00:00,1335.6695351246005,1224.1754644013,72.559240944321,78.12955273797209,136.1603004206852,119.69825410214624,16.462046318538953,74.08863592105887,75.13427447707716,1,1,0,0,0,0
2017-05-14 00:00:00+00:00,1352.7505184920003,1232.2850328588,72.72893387382774,78.05556431271089,136.98671286861145,123.15594585543928,13.830767013172164,73.18544500121922,73.98641881029481,1,1,0,0,0,0
2017-05-15 00:00:00+00:00,1368.9115368012003,1239.6665160919,66.37266661193124,77.49816990957227,131.6934639352362,124.86344947139867,6.830014463837529,71.2871073206169,72.85372941429829,1,1,0,0,0,0
2017-05-16 00:00:00+00:00,1383.8465368060006,1247.4365160943,67.26504426780416,76.578319813589,127.3140612048112,125.35357181808118,1.9604893867300177,69.97824533701015,71.48359921961537,1,1,0,0,0,0
2017-05-17 00:00:00+00:00,1400.4596076486007,1255.9545160916,71.64724030918991,75.84564094372016,129.29243156354028,126.141343767173,3.1510877963672783,69.67281373625482,70.31272213129391,1,1,0,0,0,0
2017-05-18 00:00:00+00:00,1418.5025016314007,1264.8559630828001,74.59227825017538,75.1576682229972,134.88483526723348,127.89004206718509,6.994793200048392,71.77949411164731,70.47685106163738,1,1,0,0,0,0
2017-05-19 00:00:00+00:00,1437.0305198364006,1274.0160630814003,75.57444409483686,74.70423912558226,139.71195805084244,130.25442526391657,9.457532786925867,75.16000614424222,72.20410466404807,1,1,0,0,0,0
2017-05-20 00:00:00+00:00,1456.8841348756005,1284.8860630706001,79.28655449894262,75.26492378379818,150.43734525257764,134.29100926164878,16.14633599092886,78.07196428737105,75.00382151442015,1,1,0,0,0,0
2017-05-21 00:00:00+00:00,1475.5866371344007,1295.2431520364003,74.39349238384888,75.26716708751252,153.69584134701336,138.1719756787217,15.523865668291648,78.88037602013564,77.37078215058294,1,1,0,0,0,0
2017-05-22 00:00:00+00:00,1495.2539874590009,1306.1381520346004,76.53342068265803,75.32619280961423,159.20382727938295,142.37834599885394,16.825481280529004,76.72743989664458,77.89326006805038,1,1,0,0,0,0
2017-05-23 00:00:00+00:00,1517.1518865972007,1318.6221016036004,81.0183264357167,75.40148986792755,174.0612050980842,148.7149178187,25.3462872793842,77.82301652358866,77.81027748012292,1,1,0,0,0,0
2017-05-24 00:00:00+00:00,1542.1694123518007,1332.6188462955004,84.17097977520869,75.54774329794594,195.67499547948137,158.10693335085628,37.56806212862509,77.46827800339477,77.33957814120929,1,1,0,0,0,0
2017-05-25 00:00:00+00:00,1563.5694123536007,1344.5978462434005,68.96399721471711,74.58322089751232,195.63832093875862,165.61321086843674,30.025110070321887,73.57678103395708,76.28935852031346,1,1,0,0,0,0
2017-05-26 00:00:00+00:00,1582.3061353570008,1355.7577666879004,63.6573483039321,73.14608128373841,187.06437112743743,169.90344292023687,17.160928207200556,72.37169823747966,74.47225242494379,1,1,0,0,0,0
2017-05-27 00:00:00+00:00,1597.8096553574007,1365.0904340891002,54.620916374407926,72.22565893476794,165.60617146241452,169.0439886286724,-3.4378171662578723,70.1656928899152,72.03805738711726,1,0,0,0,0,0
2017-05-28 00:00:00+00:00,1615.1578745926008,1375.1164594586,58.04316257367835,71.25792037672508,153.6344404269414,165.9620789883262,-12.327638561384788,68.36932259567294,70.30223790768922,1,0,0,0,0,0
2017-05-29 00:00:00+00:00,1634.9670431064008,1386.6085972277003,63.335898130705125,70.63171799385026,154.46189399827244,163.66204199031546,-9.200147992043014,69.07033391037358,69.2017831319872,1,0,0,0,0,0
2017-05-30 00:00:00+00:00,1653.3770431064008,1397.4268710037002,59.71026149079112,70.18755765244092,148.00520498357992,160.53067458896834,-12.525469605388423,69.32519600291495,68.9216175029871,1,0,0,0,0,0
2017-05-31 00:00:00+00:00,1672.5970431196008,1408.4497682269,61.7180287605419,69.81775661862343,145.80688501795385,157.58591667476543,-11.779031656811583,69.21533917088037,69.20362302805626,1,0,0,0,0,0
2017-06-01 00:00:00+00:00,1694.348948147001,1420.3205083894,65.53403425401817,69.41020954827864,151.80375547100493,156.42948443401332,-4.625728963008385,68.65468393758215,69.06507303712579,1,0,0,0,0,0
2017-06-02 00:00:00+00:00,1718.788948146201,1433.1405083893999,68.24193407924858,68.98685327021687,162.2232919448088,157.58824593617243,4.63504600863638,69.25936826326128,69.04313045724123,1,1,0,0,0,0
2017-06-03 00:00:00+00:00,1743.7448615314008,1445.8135168729998,69.54678227410892,68.58500914883501,172.31133501203612,160.53286375134516,11.778471260690964,68.88557873611535,68.93321031231956,1,1,0,0,0,0
2017-06-04 00:00:00+00:00,1769.524869561001,1458.7679119742997,70.33081241865116,67.98795967681558,180.50490409853,164.52727182078212,15.977632277747887,70.18106198311774,69.44200299416475,1,1,0,0,0,0
2017-06-05 00:00:00+00:00,1797.9819999780009,1473.5914771827997,74.17812172790144,67.97360163308575,196.97725300505908,171.01726805763752,25.95998494742156,72.8190233066661,70.6285546752997,1,1,0,0,0,0
2017-06-06 00:00:00+00:00,1830.1219999782008,1490.2614771827998,78.36952769227197,68.09600876706001,224.44165287251008,181.70214502061202,42.739507851898054,72.26322401644157,71.75443643540844,1,1,0,0,0,0
2017-06-07 00:00:00+00:00,1857.6711241464009,1504.7945202699996,67.19011496910649,67.17412800261933,227.40764716373224,190.84324544923606,36.56440171449617,69.80615830653781,71.62946854321511,1,1,0,0,0,0
2017-06-08 00:00:00+00:00,1888.1733241464008,1520.8045202699996,70.41976022723254,66.25738003275426,238.50706937817995,200.37601023502484,38.13105914315511,73.16281320478923,71.74406517592284,1,1,0,0,0,0
2017-06-09 00:00:00+00:00,1918.362318879201,1536.6255176386996,71.02545242743143,66.39481038026854,246.7267430642778,209.64615680087542,37.08058626340238,77.07518647190462,73.34805266107719,1,1,0,0,0,0
2017-06-10 00:00:00+00:00,1948.038723279601,1552.1594198388996,70.78772165769122,66.87016860385249,250.01357161020314,217.71963976274097,32.293931847462176,79.60124813518682,76.6130826039602,1,1,0,0,0,0
2017-06-11 00:00:00+00:00,1979.8607232796012,1568.6509198387998,73.57602757191692,68.13384268368642,259.73339327153826,226.12239046450043,33.611002807037835,82.86701500667945,79.84781653792359,1,1,1,0,0,0
2017-06-12 00:00:00+00:00,2004.237854589601,1581.6814211831997,56.58197234633925,68.03643000186382,235.18815436288014,227.93554324417636,7.252611118703783,81.60861911108495,81.3589607509837,1,1,0,0,0,0
2017-06-13 00:00:00+00:00,2030.8253683150012,1595.6891391508998,59.49215443117007,67.78018042189481,221.71121542620676,226.69067768058244,-4.979462254375676,81.04060770288719,81.8387472735505,1,0,0,0,0,0
2017-06-14 00:00:00+00:00,2051.1349825110015,1606.8137834030997,49.65988896753788,67.11015558701126,185.4923131343262,218.45100477133118,-32.95869163700499,75.88434488753789,79.51119056716998,1,0,0,0,0,0
2017-06-15 00:00:00+00:00,2070.6420955716017,1618.2410231762997,49.27290157329642,66.2804804411949,153.98098580519672,205.5570009781043,-51.576015172907574,72.1641567583642,76.3630364495964,1,0,0,0,0,0
2017-06-16 00:00:00+00:00,2090.5544752922015,1631.1310231738998,51.224637545450435,65.32652066062373,132.40522989804185,190.92664676209182,-58.52141686404997,68.28835320986799,72.11228495192331,1,0,0,0,0,0
2017-06-17 00:00:00+00:00,2114.4314292068016,1645.2733521432997,56.32978591445408,64.53237744963742,127.72483583975145,178.28628457762375,-50.5614487378723,67.30986846106508,69.25412614309904,1,0,0,0,0,0
2017-06-18 00:00:00+00:00,2135.7848388756015,1659.0963521430997,52.39008948487983,63.38859793035547,113.44066720776027,165.31716110365105,-51.876493895890775,65.14908487005083,66.9157688469946,1,0,0,0,0,0
2017-06-19 00:00:00+00:00,2158.7439853026012,1673.1767231005997,55.06439128877839,62.37083652169729,108.1956803850012,153.89286495992107,-45.69718457491987,64.49666790601812,65.65187374571131,1,0,0,0,0,0
2017-06-20 00:00:00+00:00,2181.5039853630014,1687.6127231306998,57.47269425578091,61.25714135688926,109.6302311519562,145.0403381983281,-35.410107046371905,63.51598403880737,64.38724560495874,1,0,0,0,0,0
2017-06-21 00:00:00+00:00,2202.665845363001,1701.4427231307,55.65762637256366,59.743014602242035,105.67575950530318,137.16742245972313,-31.49166295441995,63.90913443472063,63.973928793182004,1,0,0,0,0,0
2017-06-22 00:00:00+00:00,2223.8209727600015,1715.7164868293999,57.27354909407587,59.08191021057333,105.63118860931809,130.86017568964212,-25.228987080324032,63.254195572045674,63.55977134852452,1,0,0,0,0,0
2017-06-23 00:00:00+00:00,2245.1430013276013,1729.8505071317998,57.13172023253467,58.19604087759346,104.12315411589043,125.51277137489178,-21.389617259001355,61.889855941764715,63.0177286495103,1,0,0,0,0,0
2017-06-24 00:00:00+00:00,2264.3172454320015,1743.2253275164999,50.49093159685769,56.82707282222188,88.4715728480951,118.10453166953245,-29.632958821437356,57.80947267741141,60.984508063740556,1,0,0,0,0,0
2017-06-25 00:00:00+00:00,2281.9511763060013,1757.3243511205,49.61153159824301,55.41532681825866,73.31971493927404,109.14756832348077,-35.82785338420673,53.41888628649314,57.70607163522305,1,0,0,0,0,0
2017-06-26 00:00:00+00:00,2297.4539547044014,1771.6172403168002,46.48291328997552,53.60911919946257,53.86325876228557,98.09070641124173,-44.22744764895616,53.30922499536114,54.84586131975519,1,0,0,0,0,0
2017-06-27 00:00:00+00:00,2313.5404676206012,1786.5662403168003,50.994844001910934,53.23664397650067,47.15651163555913,87.9038674561052,-40.747355820546076,53.757795254354384,53.49530217873618,1,0,0,0,0,0
2017-06-28 00:00:00+00:00,2328.630188825201,1801.3274403163005,51.110930657229424,52.67789572490463,41.60385777199235,78.64386551928263,-37.040007747290275,57.34168571753609,54.80290198908383,1,0,0,0,0,0
2017-06-29 00:00:00+00:00,2341.9996832896013,1814.8323875717006,49.246335725635866,52.65032550877783,33.227495964217724,69.56059160826965,-36.33309564405192,59.604921246222695,56.901467406037675,1,0,0,0,0,0
2017-06-30 00:00:00+00:00,2353.3220343916014,1828.6920014478007,47.37311904609301,52.523673340297606,22.71130542998708,60.190734372613136,-37.47942894262606,61.08154960095028,59.34271885490298,1,0,0,0,0,0
2017-07-01 00:00:00+00:00,2365.538757145001,1841.807425181401,44.25350644843337,52.058931267163146,8.061362350234049,49.764859968137316,-41.70349761790327,58.564786563047484,59.750419136740106,1,0,0,0,0,0
2017-07-02 00:00:00+00:00,2377.866381751001,1856.767958437801,48.602794126362156,51.543798481290345,3.832322128202577,40.578352400150365,-36.74603027194779,57.77003910517858,59.138791756392074,1,0,0,0,0,0
2017-07-03 00:00:00+00:00,2392.075535933001,1872.413027212501,52.81990590996596,51.572452909629426,8.284536875748472,34.11958929526999,-25.835052419521517,57.13629027410519,57.823705314110384,1,0,0,0,0,0
2017-07-04 00:00:00+00:00,2408.2535694668013,1888.5825531340008,54.604053837992474,51.541763746243696,15.151787739771862,30.326028984170364,-15.174241244398502,57.61978462402781,57.508704667770495,1,0,0,0,0,0
2017-07-05 00:00:00+00:00,2424.495570521401,1904.1710536637008,55.40077679632339,51.4036359156132,21.883093494208424,28.637441886177974,-6.75434839196955,59.80000096463256,58.18535862092182,1,0,0,0,0,0
2017-07-06 00:00:00+00:00,2438.834484694601,1919.6470461716008,54.903421182293336,51.35335556959517,26.177267471795858,28.14540700330155,-1.9681395315056918,61.042190565446695,59.487325384702324,1,0,0,0,0,0
2017-07-07 00:00:00+00:00,2449.454668731801,1933.978585181601,48.874948456096575,50.79344886039656,19.926606962249934,26.501646995091228,-6.575040032841294,58.47160753671862,59.771266355599266,1,0,0,0,0,0
2017-07-08 00:00:00+00:00,2461.1001193842008,1949.065319610301,52.533102694193865,50.486874357840506,20.874423523235237,25.37620230072003,-4.501778777484795,61.7192931155064,60.41103040589055,1,0,0,0,0,0
2017-07-09 00:00:00+00:00,2469.082414177401,1962.983274526501,48.772870711660836,50.37233696549405,15.303864069725478,23.361734654521122,-8.057870584795644,61.546580199528556,60.57916028391784,1,0,0,0,0,0
2017-07-10 00:00:00+00:00,2474.8624141794007,1975.2245256569006,42.22841290574037,49.88012905266054,-1.4492185057561073,18.399544022465676,-19.848762528221783,60.298372519957375,61.188081944997414,1,0,0,0,0,0
2017-07-11 00:00:00+00:00,2478.742324645601,1986.9981560523008,40.8406595364124,49.503978802423006,-17.430489681466952,11.233537281679151,-28.664026963146103,57.60528899802354,59.81674723916979,1,0,0,0,0,0
2017-07-12 00:00:00+00:00,2481.362925507001,1999.2574060521008,45.743443173942595,49.153885413891786,-22.41938503541178,4.502952818260965,-26.922337853672744,56.53280698266075,58.14548950021386,1,0,0,0,0,0
2017-07-13 00:00:00+00:00,2480.012578963401,2011.0909956576006,43.68003446663392,48.658492334518755,-29.954110690890957,-2.3884598835694195,-27.56565080732154,54.33083057981931,56.15630885350117,1,0,0,0,0,0
2017-07-14 00:00:00+00:00,2479.930724966201,2021.7500686599005,38.959642434120724,47.97271278175108,-45.197155375487,-10.950198981952937,-34.24695639353406,51.08864149198609,53.984093018155356,1,0,0,0,0,0
2017-07-15 00:00:00+00:00,2476.864166109401,2029.5851507332006,31.959396103873917,46.9451312522698,-74.84516982426749,-23.729193150415846,-51.11597667385164,47.936956331363945,51.11880946772308,1,0,0,0,0,0
2017-07-16 00:00:00+00:00,2475.926846107401,2036.8682507324008,30.620830292626238,46.036286175216,-101.33697408978742,-39.25074933829016,-62.086224751497255,45.09746241296237,48.04102007877077,1,0,0,0,0,0
2017-07-17 00:00:00+00:00,2479.247836106601,2047.2028553496011,44.92994559342742,45.79142960635368,-97.2256130490432,-50.84572208044077,-46.37989096860243,44.147843293522214,45.72742067928281,1,0,0,0,0,0
2017-07-18 00:00:00+00:00,2481.107836098201,2058.037439602301,47.9205587980427,45.4648064655588,-86.76595285599251,-58.02976823555112,-28.736184620441392,44.04488242126572,44.43006270925007,1,0,0,0,0,0
2017-07-19 00:00:00+00:00,2483.3078360926006,2068.342439599501,46.16402543157337,44.90213790513086,-81.57088058205272,-62.73799070485144,-18.832889877201282,42.72068642540339,43.637804046730416,1,0,0,0,0,0
2017-07-20 00:00:00+00:00,2496.4278360992007,2084.5124396094016,63.52737595707884,45.44391118251455,-28.46852045162086,-55.88409665420532,27.41557620258446,43.12245834793116,43.29600906486672,1,1,0,0,0,0
2017-07-21 00:00:00+00:00,2503.469911656001,2098.9094299015014,57.370862662422276,45.60840728118981,-1.4012955296971086,-44.98753642930368,43.58624089960657,46.562098914579956,44.1350812293048,1,1,0,0,0,0
2017-07-22 00:00:00+00:00,2512.2499116560007,2115.5194299011014,61.28160236913648,46.435517542059145,34.20417229288978,-29.149194684864987,63.35336697775477,48.63754970048065,46.10736898766388,1,1,0,0,0,0
2017-07-23 00:00:00+00:00,2518.1725113778007,2130.9586864546013,58.23216500667188,46.815455029557675,54.08665185596601,-12.502025376698786,66.58867723266479,52.140992087250005,49.11354690077017,1,1,0,0,0,0
2017-07-24 00:00:00+00:00,2523.8887841050005,2146.7068268330013,58.64798116530279,47.47379572646714,70.47825791266723,4.094031281174416,66.38422663149282,56.13437763531311,52.30430647434789,1,1,0,0,0,0
2017-07-25 00:00:00+00:00,2522.5016536776006,2160.2418268278016,52.29040939250512,48.144595492251455,66.29477301609222,16.53417962815798,49.76059338793424,56.56123303070408,54.945534251089036,1,1,0,0,0,0
2017-07-26 00:00:00+00:00,2516.108666612201,2173.1153332952013,51.12672904793213,48.8303334596861,59.098706589817084,25.047085020489803,34.05162156932728,54.66755961429726,55.78772342677146,1,1,0,0,0,0
2017-07-27 00:00:00+00:00,2516.598580397601,2187.1348522720014,55.031307616596195,49.44952442252967,64.24648078268092,32.886964172928025,31.359516609752895,55.943514160605396,55.724102268535546,1,1,0,0,0,0
2017-07-28 00:00:00+00:00,2516.638204398001,2202.4057642722014,58.0461771503724,50.407267268112236,77.1186335939251,41.73329805712744,35.385335536797655,60.80921623456494,57.140096669822505,1,1,0,0,0,0
2017-07-29 00:00:00+00:00,2514.712763271601,2216.5375410754014,55.694947752148515,51.522954289314086,80.72851662400035,49.53234177050202,31.196174853498327,65.85999635991371,60.87090891836132,1,1,0,0,0,0
2017-07-30 00:00:00+00:00,2513.5363589112008,2230.787541095401,56.5903511497318,53.16501795903795,85.2830145367493,56.68247632375148,28.600538212997826,70.3867740094835,65.68532886798737,1,1,0,0,0,0
2017-07-31 00:00:00+00:00,2511.894358911201,2245.8775410954013,59.31322624885625,55.07784435611995,96.01621912893961,64.54922488478911,31.4669942441505,72.09143474631654,69.44606837190456,1,1,0,0,0,0
2017-08-01 00:00:00+00:00,2515.203009923201,2259.720432256401,54.996607683690016,55.748955162137456,93.87685036089579,70.41474998001044,23.462100380885346,68.81739664709218,70.43186846763072,1,1,0,0,0,0
2017-08-02 00:00:00+00:00,2515.647515987601,2273.236442151301,53.66637397178786,56.132009507053795,88.1408133559512,73.9599626551986,14.1808507007526,65.49975754272432,68.80286297871099,1,1,0,0,0,0
2017-08-03 00:00:00+00:00,2523.8097017904006,2287.472342150701,56.56104195445801,56.82514394191277,90.2916582813541,77.2263017804297,13.065356500924409,62.904186423137595,65.74044687098468,1,1,0,0,0,0
2017-08-04 00:00:00+00:00,2533.5902222140007,2302.116158892801,58.5425291381792,56.4928208206528,96.38190238608422,81.0574219015606,15.324480484523619,63.15672895817038,63.85355764134408,1,1,0,0,0,0
2017-08-05 00:00:00+00:00,2550.0209553328004,2320.2877153125014,67.7069519400096,57.18189343915863,131.44753181017722,91.13544388328393,40.3120879268933,63.06635341275993,63.04242293135595,1,1,0,0,0,0
2017-08-06 00:00:00+00:00,2562.4580014172006,2338.4447153120013,66.59756665669603,57.53629105832926,155.22596940511949,103.95354898765103,51.27242041746845,63.69135682424168,63.30481306505732,1,1,0,0,0,0
2017-08-07 00:00:00+00:00,2580.5165760806008,2358.150707478101,69.8130612928142,58.308350810738744,185.34725428018692,120.23229004615821,65.1149642340287,64.94246734184615,63.90005919294924,1,1,0,0,0,0
2017-08-08 00:00:00+00:00,2596.975634175401,2377.8598097390013,70.01449236409667,59.06611822399167,207.6935784833854,137.72454773360366,69.96903074978175,69.19155515198919,65.94179310602567,1,1,0,0,0,0
2017-08-09 00:00:00+00:00,2610.3023544898006,2395.9031699264015,66.81978352415666,60.03474316610177,217.11771912836002,153.60318201255492,63.5145371158051,72.90414218220212,69.01272155867916,1,1,0,0,0,0
2017-08-10 00:00:00+00:00,2626.219676354601,2414.4427608588016,68.57649161622919,61.198060670654904,228.53085270994052,168.58871615203205,59.94213655790847,74.67106237769187,72.25558657062773,1,1,0,0,0,0
2017-08-11 00:00:00+00:00,2645.578890956801,2434.6999318584017,72.85649286493678,62.38640635387761,252.85471741881474,185.44191640538858,67.41280101342616,75.0479163568375,74.20770697224383,1,1,0,0,0,0
2017-08-12 00:00:00+00:00,2669.448890957201,2457.2959461424016,76.28412283573523,63.60226939956847,286.7527377219062,205.70408066869211,81.0486570532141,76.17364179048819,75.29754017500585,1,1,0,0,0,0
2017-08-13 00:00:00+00:00,2700.411650187801,2482.364447809902,78.73307745550943,65.13814471312587,325.04990191536035,229.57324491802575,95.4766569973346,76.22503067259677,75.81552960664082,1,1,0,0,0,0
2017-08-14 00:00:00+00:00,2737.0321629800005,2509.4916696430014,81.55974141147804,66.80277073057562,372.03606871256443,258.0658096769335,113.97025903563093,76.63944547178342,76.34603931162279,1,1,0,0,0,0
2017-08-15 00:00:00+00:00,2772.106384581601,2534.7801696430015,74.86775483776194,67.83973930316932,391.6915319436207,284.79095413027096,106.90057781334974,79.14169768542895,77.33539127660303,1,1,0,0,0,0
2017-08-16 00:00:00+00:00,2809.5263845814006,2561.533426101001,77.69193176923628,69.35276090887241,421.1345127427262,312.059665852762,109.07484688996419,84.06085815546318,79.94733377089183,1,1,1,0,0,0
2017-08-17 00:00:00+00:00,2844.5063845812006,2586.5682867032015,73.15120117656639,70.651749389191,429.9102439936182,335.6297814809333,94.28046251268495,84.90355263086782,82.7020361572533,1,1,1,0,0,0
2017-08-18 00:00:00+00:00,2876.9368901174003,2609.4682867035012,67.05129501057189,71.35109959293192,418.1657571503729,352.1369766148212,66.02878053555168,82.57657744609483,83.84699607747527,1,1,0,0,0,0
2017-08-19 00:00:00+00:00,2911.2236623654003,2632.2728483785013,67.8568362649202,71.97205340138132,408.0278742144924,363.31515613475545,44.71271807973693,79.91641605278032,82.46551537658098,1,1,0,0,0,0
2017-08-20 00:00:00+00:00,2945.7897975246,2655.664277334801,65.58500147645083,71.83059003714406,390.397521989692,368.7316293057428,21.66589268394921,75.92299823119889,79.47199724335802,1,1,0,0,0,0
2017-08-21 00:00:00+00:00,2976.8985310047997,2677.3824563779012,62.69118918562317,71.57016487240588,365.6860900182419,368.1225214482426,-2.4364314300007095,70.21248289317747,75.35063239238555,1,0,0,0,0,0
2017-08-22 00:00:00+00:00,3007.4597288227997,2699.7676323779015,64.1759199912994,71.1943554523049,347.7832542537358,364.05466800934124,-16.271413755605465,68.20266352610075,71.4460482168257,1,0,0,0,0,0
2017-08-23 00:00:00+00:00,3038.5797288227996,2723.4166491448013,65.66743902197246,70.90455189616328,335.49577376298294,358.3428891600696,-22.847115397086668,68.61602762478023,69.01039134801947,1,0,0,0,0,0
2017-08-24 00:00:00+00:00,3073.0177163341996,2748.7566434278015,69.23717364676469,71.06571123767048,336.8033058687124,354.03497250179817,-17.23166663308575,69.56399875078004,68.79422996722035,1,0,0,0,0,0
2017-08-25 00:00:00+00:00,3108.2588021803995,2773.5466434375016,69.80376063911994,71.14752917252987,336.46249142985425,350.5204762874094,-14.057984857555141,69.19702466604285,69.12568368053438,1,0,0,0,0,0
2017-08-26 00:00:00+00:00,3145.8947241603996,2797.6746964461017,69.86064739114687,70.94780614094388,332.5964687464202,346.9356747792116,-14.339206032791367,69.2338609126964,69.33162810983977,1,0,0,0,0,0
2017-08-27 00:00:00+00:00,3181.3944591647996,2821.247289274502,68.41657342483302,70.42330284688373,323.32899809716037,342.21433944280136,-18.885341345640995,68.50115412391861,68.97734656755263,1,0,0,0,0,0
2017-08-28 00:00:00+00:00,3219.5281643978,2844.3052892876017,69.63964753304363,69.81707418538602,316.8140968742114,337.13429092908336,-20.32019405487199,67.08119945352216,68.2720714967124,1,0,0,0,0,0
2017-08-29 00:00:00+00:00,3265.0400044284006,2869.9512093039016,73.87306025097043,69.30462877468553,325.3135892241612,334.77015058809894,-9.456561363937737,68.20164424701491,67.92799927481857,1,0,0,0,0,0
2017-08-30 00:00:00+00:00,3310.8280431332005,2894.785183889401,72.74946689098046,69.16340957823341,326.4949534258121,333.11511115564156,-6.62015772982943,67.44693055825316,67.57659141959675,1,0,0,0,0,0
2017-08-31 00:00:00+00:00,3357.6126376360003,2919.4877815715013,75.3303582442902,69.00597134323701,335.0080554323954,333.4937000109923,1.5143554214030814,69.33753057542131,68.32870179356313,1,1,0,0,0,0
2017-09-01 00:00:00+00:00,3409.0472948046004,2944.5299368840015,78.2123746281936,69.34338290667883,352.5258290486936,337.3001258185326,15.225703230161002,73.2473044413107,70.01058852499506,1,1,0,0,0,0
2017-09-02 00:00:00+00:00,3455.1291488012007,2967.529936883702,61.7691485100854,68.99123980664639,331.2018530250107,336.0804712598282,-4.878618234817509,71.57692539141594,71.38725346938266,1,0,0,0,0,0
2017-09-03 00:00:00+00:00,3507.603749801201,2992.233957955302,63.69680396845517,68.71390432021538,317.9982649377944,332.4640299954214,-14.465765057627038,72.66876484650945,72.4976648930787,1,0,0,0,0,0
2017-09-04 00:00:00+00:00,3553.265749802601,3014.596297955002,51.640965311776256,67.78430190923707,272.74065472453094,320.5193549412433,-47.778700216712366,73.07344735878863,72.43971253223802,1,0,0,0,0,0
2017-09-05 00:00:00+00:00,3596.521918481201,3037.8848772939023,55.71350181410154,67.31912275113562,248.29055991682344,306.0735959363593,-57.78303601953587,71.94552334275717,72.56257851601843,1,0,0,0,0,0
2017-09-06 00:00:00+00:00,3642.3020917954004,3061.7049639468023,59.88779632454834,67.0332478400189,242.50275982398216,293.35942871388386,-50.8566688899017,70.71177808173623,71.91024959442736,1,0,0,0,0,0
2017-09-07 00:00:00+00:00,3689.5755034490007,3086.441669770802,60.37630655065674,66.68050567526453,237.17192681535835,282.12192833417873,-44.950001518820386,70.1098297074354,70.92237704397628,1,0,0,0,0,0
2017-09-08 00:00:00+00:00,3718.6860921172006,3107.556964108202,51.946592727441946,65.527800280643,205.95079018836896,266.88770070501675,-60.9369105166478,67.50188259375514,69.44116346097562,1,0,0,0,0,0
2017-09-09 00:00:00+00:00,3751.7777077490005,3127.6238097025016,52.246617687687404,64.35732408388084,180.1598923131105,249.5421390266355,-69.382246713525,64.98676203557396,67.53282477892152,1,0,0,0,0,0
2017-09-10 00:00:00+00:00,3779.4377077488,3145.843809702402,49.84717641316796,63.023092685348914,150.61866382402695,229.7574439861138,-79.13878016208685,62.56572939184876,65.01812467372599,1,0,0,0,0,0
2017-09-11 00:00:00+00:00,3808.41329106,3163.2929012189015,49.055370110610525,61.73234579773408,123.38096442450023,208.48214807379108,-85.10118364929085,59.23405698472644,62.26218280404976,1,0,0,0,0,0
2017-09-12 00:00:00+00:00,3835.9017938892002,3179.8952889971015,47.515890524007766,60.25742866379835,96.13399743336686,186.01251794570624,-89.87852051233938,54.625934627590134,58.808573668055146,1,0,0,0,0,0
2017-09-13 00:00:00+00:00,3861.793991858,3192.1478227678017,40.62488530111473,58.04088366714131,51.101346295204166,159.0302836156058,-107.92893732040164,49.99226608974926,54.61741923402198,1,0,0,0,0,0
2017-09-14 00:00:00+00:00,3875.7669789272,3195.9378227697016,30.08010511812357,55.19625954895085,-35.46692032763258,120.13084282695813,-155.59776315459072,43.32354301005392,49.31391457579781,1,0,0,0,0,0
2017-09-15 00:00:00+00:00,3896.2869789674,3206.4427796825016,42.07797296316118,52.97943386354225,-65.31422985837207,83.0418282898921,-148.35605814826417,39.97929022191149,44.43169977390493,1,0,0,0,0,0
2017-09-16 00:00:00+00:00,3914.189354967,3215.413779682501,41.89879067851337,50.5585282668969,-88.82406803934009,48.668649024045656,-137.49271706338575,41.69018091013682,41.66433804736745,1,0,0,0,0,0
2017-09-17 00:00:00+00:00,3933.3527363706003,3224.0327498211013,41.77394858921081,49.22551493883859,-106.79785780335442,17.57534765856564,-124.37320546192007,42.92024021093785,41.52990378099543,1,0,0,0,0,0
2017-09-18 00:00:00+00:00,3959.8527363306002,3236.694547620901,50.68501347575879,48.3580622393255,-87.75372610628983,-3.4904670944054565,-84.26325901188437,48.40420077699961,44.33820729935814,1,0,0,0,0,0
2017-09-19 00:00:00+00:00,3980.7527363306003,3246.3235476209015,47.22167586759271,48.0634429430466,-86.03249784099671,-19.998873243723708,-66.033624597273,50.98855675753955,47.437665915159045,1,0,0,0,0,0
2017-09-20 00:00:00+00:00,4003.5422350152007,3259.3726224692014,46.75694285411504,47.46633901238083,-85.62144057934574,-33.123386710848116,-52.49805386849763,50.825286236769394,50.07268125710289,1,0,0,0,0,0
2017-09-21 00:00:00+00:00,4021.562237027201,3268.6048765074015,41.68586386192847,46.25287684820617,-106.33734943532454,-47.7661792557434,-58.57117017958114,46.13604087407572,49.316627956128265,1,0,0,0,0,0
2017-09-22 00:00:00+00:00,4037.4644370282003,3280.6370694093016,41.51017039792643,44.99513443802415,-122.1536695334812,-62.643677311290965,-59.50999222219024,43.60572352637126,46.855683545738835,1,0,0,0,0,0
2017-09-23 00:00:00+00:00,4055.9042370580005,3294.747229636001,46.26604638441204,44.616431348488824,-117.59775314926173,-73.63449247888512,-43.96326067037661,43.214741800873696,44.31883540044027,1,0,0,0,0,0
2017-09-24 00:00:00+00:00,4063.9626038796,3306.9917796062014,43.79692043912407,44.0531181985846,-122.70314364676233,-83.44822271246056,-39.254920934301765,42.80663587143391,43.209033732893005,1,0,0,0,0,0
2017-09-25 00:00:00+00:00,4077.9017438804,3320.1798726488014,49.908213425883616,44.05718733276564,-104.04534800546753,-87.56764777106196,-16.477700234405575,46.94800526728636,44.32312764653137,1,0,0,0,0,0
2017-09-26 00:00:00+00:00,4087.6754277154,3334.0960018980013,49.002931063814025,44.05369139631254,-91.59565828632822,-88.3732498741152,-3.2224084122130137,50.839500491819585,46.86471387684667,1,0,0,0,0,0
2017-09-27 00:00:00+00:00,4103.6396857332,3350.307659954301,55.60900859467039,44.59323260102338,-55.2468074782696,-81.74796139494609,26.501153916676486,56.296667179817646,51.36139097964125,1,1,0,0,0,0
2017-09-28 00:00:00+00:00,4120.7531331142,3365.527743802001,55.2670927712848,45.56937976570138,-27.27189341830035,-70.85274779961694,43.580854381316584,62.36149718767043,56.49922161976928,1,1,0,0,0,0
2017-09-29 00:00:00+00:00,4135.7971688354,3381.0084225950013,54.707558871875136,47.21121001595148,-6.793674892019226,-58.04093321809739,51.24725832607817,64.4533457612707,61.03717004291965,1,1,0,0,0,0
2017-09-30 00:00:00+00:00,4150.270426837,3397.9246588969017,58.74487065711179,48.322336528881515,25.037619055488904,-41.425222763380134,66.46284181886904,67.53346091823985,64.78276795572704,1,1,0,0,0,0
2017-10-01 00:00:00+00:00,4161.2562965632,3415.3525937602017,59.68411712898124,49.50802495891271,53.503923827292056,-22.439393445245695,75.94331727253775,70.21333739091192,67.4000480234742,1,1,0,0,0,0
2017-10-02 00:00:00+00:00,4168.2638965631995,3434.337773375502,59.355462291301784,50.680125872385446,74.33583408283812,-3.0843479396289304,77.42018202246705,69.15855466122987,68.96845099012727,1,1,0,0,0,0
2017-10-03 00:00:00+00:00,4168.2229365684,3452.6275497742013,56.46652433126659,51.0655599294193,82.38162323242204,14.008846294781264,68.37277693764078,67.78028903320661,69.05072702844951,1,1,0,0,0,0
2017-10-04 00:00:00+00:00,4169.5089450942,3470.807664837902,53.58370723627216,51.48969535399793,80.12190087278032,27.231457210381073,52.89044366239924,64.37027349194042,67.10303906212569,1,1,0,0,0,0
2017-10-05 00:00:00+00:00,4168.2302545124,3488.878319546902,56.19820690784729,52.119112957580086,85.71594644738889,38.92835505778264,46.78759138960625,66.66324000093753,66.2712675086949,1,1,0,0,0,0
2017-10-06 00:00:00+00:00,4170.422979295,3507.4646819381014,57.55235274338004,53.17687888301019,93.47514946068713,49.837713938363535,43.6374355223236,70.3492189545706,67.1275774824829,1,1,0,0,0,0
2017-10-07 00:00:00+00:00,4177.387282077,3527.162086097201,59.20925326974347,54.35681774113132,103.80019057172467,60.63020926503576,43.16998130668891,73.23785200846469,70.08343698799099,1,1,0,0,0,0
2017-10-08 00:00:00+00:00,4186.8621905268,3549.042926446101,63.23712493393505,55.4882229777662,124.54957370041029,73.41408215211067,51.135491548299626,77.90744467584658,73.83150521296068,1,1,0,0,0,0
2017-10-09 00:00:00+00:00,4201.1053875302,3573.4475925274014,66.80261238105014,57.021935773894604,153.36798314185398,89.40486235005933,63.96312079179465,77.6814864798653,76.2755943880589,1,1,0,0,0,0
2017-10-10 00:00:00+00:00,4216.687388395,3596.7929596999015,66.25344474137032,58.11161786159372,173.08918085578443,106.14172605120436,66.94745480458008,77.35708579157351,77.64867231576186,1,1,0,0,0,0
2017-10-11 00:00:00+00:00,4231.797036395201,3619.6283826090016,67.23164830262824,59.326865677514675,190.30904249780087,122.97518934052366,67.33385315727722,76.31230382938134,77.11695870027343,1,1,0,0,0,0
2017-10-12 00:00:00+00:00,4257.908128395401,3648.2439286091017,76.82094949354456,60.74099507077296,251.21432620595897,148.62301671361072,102.59130949234824,77.23678209820875,76.96872390638792,1,1,0,0,0,0
2017-10-13 00:00:00+00:00,4284.420722694801,3678.7192195145017,79.00410152065702,62.32346232073111,312.42852259604297,181.38411789009717,131.0444047059458,77.32363733342505,76.95757442033842,1,1,0,0,0,0
2017-10-14 00:00:00+00:00,4314.0352326764005,3711.147017428402,80.77377505915395,64.0612100665497,371.673217463077,219.44193780469314,152.23127965838384,77.46901314206345,77.34314419123245,1,1,0,0,0,0
2017-10-15 00:00:00+00:00,4341.2362326764005,3743.565478418402,76.38747627569265,65.23738377445508,404.463200992599,256.4461904422743,148.0170105503247,76.55656280624122,77.11640442724327,1,1,0,0,0,0
2017-10-16 00:00:00+00:00,4370.0705384078,3775.732498786302,76.97062284817096,66.38981748906774,429.6104391853287,291.07904019088517,138.53139899444352,77.05607284265001,77.0272162636516,1,1,0,0,0,0
2017-10-17 00:00:00+00:00,4394.6622787592005,3807.095221578502,71.15706870982926,67.17659125030289,431.9255312250416,319.24833839771645,112.67719282732514,75.80853008379378,76.47372191089504,1,1,0,0,0,0
2017-10-18 00:00:00+00:00,4414.019892217,3839.529948322702,69.49948998006573,68.0454556268895,425.1544388421953,340.4295584866122,84.72488035558308,78.95782165139504,77.27414152594632,1,1,0,0,0,0
2017-10-19 00:00:00+00:00,4436.485040464,3873.656541798602,71.56839241889604,69.24443463906442,425.6286079010797,357.46936836950573,68.15923953157397,80.68235073055175,78.48290082191356,1,1,1,0,0,0
2017-10-20 00:00:00+00:00,4462.1619459616,3909.887291798802,75.61265159411897,70.53873095148255,445.26833916315627,375.0291625282358,70.23917663492045,82.30787284516767,80.64934840903818,1,1,1,0,0,0
2017-10-21 00:00:00+00:00,4484.3687188318,3946.708006818202,75.73973195651728,71.75122289902501,456.4060450642919,391.304539035447,65.10150602884488,82.03435585260938,81.67485980944298,1,1,0,0,0,0
2017-10-22 00:00:00+00:00,4513.5842311032,3984.356689952202,74.18686888506421,72.74973060671306,456.8547062940215,404.41457248716193,52.44013380685959,80.95836467324538,81.76686445700751,1,1,0,0,0,0
2017-10-23 00:00:00+00:00,4539.559630102999,4023.581689952102,71.29764142732905,73.28709837293933,446.3539821708291,412.80245442389537,33.55152774693374,78.98788845903792,80.66020299496428,1,1,0,0,0,0
2017-10-24 00:00:00+00:00,4565.498553087399,4059.382151445002,57.80047216816012,72.68695569207999,401.6057688225628,410.56311730362887,-8.957348481066049,74.15151694297856,78.03259002508734,1,0,0,0,0,0
2017-10-25 00:00:00+00:00,4592.0987415216,4094.310330001402,61.93637161730714,72.39915081714246,378.72375182454834,404.1952442078128,-25.471492383264433,71.45880765148063,74.86607101783243,1,0,0,0,0,0
2017-10-26 00:00:00+00:00,4617.9252485308,4130.113670163101,64.84065148530613,72.23975102932097,369.59217576314586,397.2746305188794,-27.682454755733545,69.56388230806786,71.72473563417573,1,0,0,0,0,0
2017-10-27 00:00:00+00:00,4640.782072553599,4165.178788001302,61.06091789632108,71.18908225617274,348.3483734209849,387.4893790993005,-39.141005678315594,67.63758078882128,69.55342358278997,1,0,0,0,0,0
2017-10-28 00:00:00+00:00,4668.991483885399,4193.8387880013015,59.92132689818418,69.9168972813412,324.74219371552044,374.93994202254447,-50.19774830702403,64.67820546454755,67.29322285381228,1,0,0,0,0,0
2017-10-29 00:00:00+00:00,4705.6658876608,4228.721797704901,67.51103419899516,69.03271455733062,337.3271846161906,367.4173905412737,-30.09020592508307,64.9441742743444,65.75332017590448,1,0,0,0,0,0
2017-10-30 00:00:00+00:00,4743.565887661,4261.501797704902,66.57680361182742,68.37866971307294,340.94987338889496,362.1238871107979,-21.174013721902952,64.26446278915348,64.62894750934855,1,0,0,0,0,0
2017-10-31 00:00:00+00:00,4788.5621202294,4298.487705644701,71.22302731723674,67.99549667767732,365.8303449415398,362.8651786769463,2.965166264593506,67.96224704238671,65.72362803529494,1,1,0,0,0,0
2017-11-01 00:00:00+00:00,4840.466344673,4338.184069281102,74.60340612593399,68.22525250541766,404.2069908138228,371.1335411043216,33.07344970950123,70.86043431898638,67.69571471684226,1,1,0,0,0,0
2017-11-02 00:00:00+00:00,4903.613787074,4382.703889466002,77.3674748274267,68.74978482857505,451.9227918245988,387.291391248377,64.63140057622178,71.37774911985817,70.0668101604105,1,1,0,0,0,0
